<?xml version="1.0" encoding="UTF-8"?>
<beans xmlns="http://www.springframework.org/schema/beans"
       xmlns:xsi="http://www.w3.org/2001/XMLSchema-instance"
       xmlns:mvc="http://www.springframework.org/schema/mvc"
       xmlns:context="http://www.springframework.org/schema/context"
       xsi:schemaLocation="http://www.springframework.org/schema/beans
       http://www.springframework.org/schema/beans/spring-beans.xsd
       http://www.springframework.org/schema/mvc
       https://www.springframework.org/schema/mvc/spring-mvc.xsd
       http://www.springframework.org/schema/context
       https://www.springframework.org/schema/context/spring-context.xsd">

    <!--1.注解驱动-->
    <mvc:annotation-driven/>
    <!--2.静态资源过滤-->
    <mvc:default-servlet-handler/>
    <!--3.扫描包:controller-->
    <context:component-scan base-package="com.T_Lyon.controller"/>
    <!--4.视图解析器-->
    <bean class="org.springframework.web.servlet.view.InternalResourceViewResolver">
        <property name="prefix" value="/WEB-INF/jsp/"/>
        <property name="suffix" value=".jsp"/>
    </bean>
    <mvc:resources mapping="/css/**" location="/WEB-INF/jsp/css/"/>
    <mvc:resources mapping="/fonts/**" location="/WEB-INF/jsp/fonts/"/>
    <mvc:resources mapping="/js/**" location="/WEB-INF/jsp/js/"/>
    <mvc:resources mapping="/img/**" location="/WEB-INF/jsp/img/"/>
    <mvc:resources mapping="NETEM/css/**" location="/WEB-INF/jsp/css/"/>
    <mvc:resources mapping="NETEM/fonts/**" location="/WEB-INF/jsp/fonts/"/>
    <mvc:resources mapping="NETEM/js/**" location="/WEB-INF/jsp/js/"/>
    <mvc:resources mapping="NETEM/img/**" location="/WEB-INF/jsp/img/"/>
</beans>