<?xml version="1.0" encoding="UTF-8"?>
<beans xmlns="http://www.springframework.org/schema/beans"
       xmlns:xsi="http://www.w3.org/2001/XMLSchema-instance"
       xmlns:context="http://www.springframework.org/schema/context"
       xsi:schemaLocation="http://www.springframework.org/schema/beans
       http://www.springframework.org/schema/beans/spring-beans.xsd
       http://www.springframework.org/schema/context
       https://www.springframework.org/schema/context/spring-context.xsd">

    <!--1.扫描service的包-->
    <context:component-scan base-package="com.T_Lyon.service"/>

    <!--2.将我们的所有业务类，注入到Spring，可以通过配置，或者注解实现-->
    <bean id="TestServiceImp" class="com.T_Lyon.service.TestServiceImp">
        <property name="testMapper" ref="testMapper"/>
    </bean>
    <bean id="TermService" class="com.T_Lyon.service.TermServiceImpl">
        <property name="termMapper" ref="termMapper"/>
    </bean>
    <bean id="LeadServiceImpl" class="com.T_Lyon.service.LeadServiceImpl">
        <property name="leadMapper" ref="leadMapper"/>
    </bean>

    <!--3.声明式事务-->
    <bean id="transactionManager" class="org.springframework.jdbc.datasource.DataSourceTransactionManager">
        <!--注入数据源-->
        <property name="dataSource" ref="dataSource"/>
    </bean>

    <!--4.aop事务处理-->


</beans>